algorithm,size,trial,seconds
insertion_sort,10,0,4.2410010792082176e-06
insertion_sort,10,1,2.160000803996809e-06
insertion_sort,10,2,2.4210003175539896e-06
insertion_sort,10,3,1.981999957934022e-06
insertion_sort,10,4,1.815998984966427e-06
insertion_sort,50,0,1.961999987543095e-05
insertion_sort,50,1,1.9826000425382517e-05
insertion_sort,50,2,2.1629999537253752e-05
insertion_sort,50,3,1.9164999685017392e-05
insertion_sort,50,4,1.6542000594199635e-05
insertion_sort,100,0,7.256299977598246e-05
insertion_sort,100,1,6.833200131950434e-05
insertion_sort,100,2,6.718999975419138e-05
insertion_sort,100,3,6.111100083217025e-05
insertion_sort,100,4,6.600399865419604e-05
insertion_sort,500,0,0.0017317349993390962
insertion_sort,500,1,0.001820794999730424
insertion_sort,500,2,0.0017406310016667703
insertion_sort,500,3,0.001761748000717489
insertion_sort,500,4,0.0017966309987968998
insertion_sort,1000,0,0.00783258199953707
insertion_sort,1000,1,0.007098665999365039
insertion_sort,1000,2,0.0073932800005422905
insertion_sort,1000,3,0.0077322720007941825
insertion_sort,1000,4,0.0076689010002155555
insertion_sort,2000,0,0.03255882499979634
insertion_sort,2000,1,0.03158817999974417
insertion_sort,2000,2,0.03253684300034365
insertion_sort,2000,3,0.031787751000592834
insertion_sort,2000,4,0.03301036400080193
insertion_sort,5000,0,0.20486529099980544
insertion_sort,5000,1,0.21634942300079274
insertion_sort,5000,2,0.20645566399980453
insertion_sort,5000,3,0.20517715099958878
insertion_sort,5000,4,0.21244289700007357
insertion_sort,10000,0,0.8488872630005062
insertion_sort,10000,1,0.8426140359988494
insertion_sort,10000,2,0.8452457860003051
insertion_sort,10000,3,0.8622655750004924
insertion_sort,10000,4,0.8463553109995701
merge_sort,10,0,1.3848000889993273e-05
merge_sort,10,1,4.9660011427477e-06
merge_sort,10,2,4.3029995140386745e-06
merge_sort,10,3,3.963999915868044e-06
merge_sort,10,4,3.826999090961181e-06
merge_sort,50,0,2.5867000658763573e-05
merge_sort,50,1,2.6707999495556578e-05
merge_sort,50,2,2.8634000045713037e-05
merge_sort,50,3,2.5145998733933084e-05
merge_sort,50,4,2.4163999114534818e-05
merge_sort,100,0,5.19540008099284e-05
merge_sort,100,1,5.3656000090995803e-05
merge_sort,100,2,5.145100112713408e-05
merge_sort,100,3,5.117900036566425e-05
merge_sort,100,4,5.089899968879763e-05
merge_sort,500,0,0.000316707999445498
merge_sort,500,1,0.00031638700056646485
merge_sort,500,2,0.0003196480010956293
merge_sort,500,3,0.0003122119996987749
merge_sort,500,4,0.00031544500052405056
merge_sort,1000,0,0.0006550279995281016
merge_sort,1000,1,0.000654155999654904
merge_sort,1000,2,0.000653009999950882
merge_sort,1000,3,0.0006575789993803483
merge_sort,1000,4,0.000669830998958787
merge_sort,2000,0,0.0014227220017346554
merge_sort,2000,1,0.0014155609987938078
merge_sort,2000,2,0.0014092309993429808
merge_sort,2000,3,0.0014250510012061568
merge_sort,2000,4,0.0014148700010991888
merge_sort,5000,0,0.0039644220014452
merge_sort,5000,1,0.003954801000872976
merge_sort,5000,2,0.0038773380001657642
merge_sort,5000,3,0.004005198999948334
merge_sort,5000,4,0.003886335000061081
merge_sort,10000,0,0.008519413000612985
merge_sort,10000,1,0.008465468999929726
merge_sort,10000,2,0.008448141999906511
merge_sort,10000,3,0.008378034999623196
merge_sort,10000,4,0.008417686998654972
merge_sort,20000,0,0.018195143000411917
merge_sort,20000,1,0.018110861001332523
merge_sort,20000,2,0.018240249999507796
merge_sort,20000,3,0.018039647000478
merge_sort,20000,4,0.01800384400121402
merge_sort,50000,0,0.04976251299922296
merge_sort,50000,1,0.050279745999432635
merge_sort,50000,2,0.04961490700043214
merge_sort,50000,3,0.049140870998598984
merge_sort,50000,4,0.04946165399996971
merge_sort,100000,0,0.1057208600013837
merge_sort,100000,1,0.10541588200067054
merge_sort,100000,2,0.10526488699906622
merge_sort,100000,3,0.10516114699930768
merge_sort,100000,4,0.1050351829999272
merge_sort,200000,0,0.22445998700095515
merge_sort,200000,1,0.2261112209998828
merge_sort,200000,2,0.22429806400032248
merge_sort,200000,3,0.22732969500066247
merge_sort,200000,4,0.22360965500047314
quick_sort,10,0,1.5185998563538305e-05
quick_sort,10,1,4.986000931239687e-06
quick_sort,10,2,4.25400139647536e-06
quick_sort,10,3,3.1460003810934722e-06
quick_sort,10,4,3.635999746620655e-06
quick_sort,50,0,2.6608000553096645e-05
quick_sort,50,1,1.801799953682348e-05
quick_sort,50,2,2.1387999368016608e-05
quick_sort,50,3,2.233700070064515e-05
quick_sort,50,4,1.839700053096749e-05
quick_sort,100,0,4.378199992061127e-05
quick_sort,100,1,4.279000131646171e-05
quick_sort,100,2,4.12520003010286e-05
quick_sort,100,3,4.098899989912752e-05
quick_sort,100,4,3.633699998317752e-05
quick_sort,500,0,0.00021673199989891145
quick_sort,500,1,0.0002270379991387017
quick_sort,500,2,0.00021888000082981307
quick_sort,500,3,0.00024581499928899575
quick_sort,500,4,0.00024307700005010702
quick_sort,1000,0,0.0005000599994673394
quick_sort,1000,1,0.0004825550004170509
quick_sort,1000,2,0.0004868790001637535
quick_sort,1000,3,0.0004713950002042111
quick_sort,1000,4,0.000470598999527283
quick_sort,2000,0,0.001046794999638223
quick_sort,2000,1,0.0010272350009472575
quick_sort,2000,2,0.0010266580011375481
quick_sort,2000,3,0.0010621540004649432
quick_sort,2000,4,0.0010159949997614603
quick_sort,5000,0,0.0027793049994215835
quick_sort,5000,1,0.002677184000276611
quick_sort,5000,2,0.002676043999599642
quick_sort,5000,3,0.0025609760014049243
quick_sort,5000,4,0.0027895279999938793
quick_sort,10000,0,0.005871314000614802
quick_sort,10000,1,0.005607696999504697
quick_sort,10000,2,0.005815804001031211
quick_sort,10000,3,0.005822834000355215
quick_sort,10000,4,0.005948327001533471
quick_sort,20000,0,0.012487513000451145
quick_sort,20000,1,0.012106553000194253
quick_sort,20000,2,0.01218512500054203
quick_sort,20000,3,0.012339560000327765
quick_sort,20000,4,0.011975112998698023
quick_sort,50000,0,0.03256622899971262
quick_sort,50000,1,0.03277960100058408
quick_sort,50000,2,0.03348668000035104
quick_sort,50000,3,0.03256036099992343
quick_sort,50000,4,0.03168376699977671
quick_sort,100000,0,0.07117548800124496
quick_sort,100000,1,0.07101631200021075
quick_sort,100000,2,0.06779153000024962
quick_sort,100000,3,0.06884896500014293
quick_sort,100000,4,0.06706994600062899
quick_sort,200000,0,0.1472721840000304
quick_sort,200000,1,0.1462507859996549
quick_sort,200000,2,0.14877318300023035
quick_sort,200000,3,0.1553231150010106
quick_sort,200000,4,0.1521461560005264
heap_sort,10,0,1.0194999049417675e-05
heap_sort,10,1,3.986000592703931e-06
heap_sort,10,2,3.197001205990091e-06
heap_sort,10,3,3.1409999792231247e-06
heap_sort,10,4,2.666000000317581e-06
heap_sort,50,0,1.8185999579145573e-05
heap_sort,50,1,1.8290000298293307e-05
heap_sort,50,2,1.780200000212062e-05
heap_sort,50,3,1.7711001419229433e-05
heap_sort,50,4,1.7544000002089888e-05
heap_sort,100,0,4.0316999729839154e-05
heap_sort,100,1,4.093699863005895e-05
heap_sort,100,2,4.06319995818194e-05
heap_sort,100,3,4.077499943377916e-05
heap_sort,100,4,4.0703000195208006e-05
heap_sort,500,0,0.0003037189999304246
heap_sort,500,1,0.00031081700035429094
heap_sort,500,2,0.00030897500073479023
heap_sort,500,3,0.0003173789991706144
heap_sort,500,4,0.00031423700056620874
heap_sort,1000,0,0.0007443829999829177
heap_sort,1000,1,0.0007291500005521812
heap_sort,1000,2,0.0007110759997885907
heap_sort,1000,3,0.0007077630016283365
heap_sort,1000,4,0.0007480000003852183
heap_sort,2000,0,0.0016809999997349223
heap_sort,2000,1,0.0016327840003214078
heap_sort,2000,2,0.001652150998779689
heap_sort,2000,3,0.0016369379991374444
heap_sort,2000,4,0.0016509760007465957
heap_sort,5000,0,0.004752035001729382
heap_sort,5000,1,0.004753012999572093
heap_sort,5000,2,0.004726606000986067
heap_sort,5000,3,0.004811248998521478
heap_sort,5000,4,0.0047674139987066155
heap_sort,10000,0,0.010493501000382821
heap_sort,10000,1,0.010488497000551433
heap_sort,10000,2,0.010428515000967309
heap_sort,10000,3,0.01044215599904419
heap_sort,10000,4,0.010516991000258713
heap_sort,20000,0,0.02288442999997642
heap_sort,20000,1,0.023031188000459224
heap_sort,20000,2,0.022993509001025814
heap_sort,20000,3,0.022835055000541615
heap_sort,20000,4,0.02307925700006308
heap_sort,50000,0,0.06427190499925928
heap_sort,50000,1,0.06415055099932943
heap_sort,50000,2,0.06410382499961997
heap_sort,50000,3,0.06431465800051228
heap_sort,50000,4,0.06361251799899037
heap_sort,100000,0,0.13835084400125197
heap_sort,100000,1,0.1392447930011258
heap_sort,100000,2,0.14123217400083377
heap_sort,100000,3,0.13877800299997034
heap_sort,100000,4,0.1398651740000787
heap_sort,200000,0,0.30404477400043106
heap_sort,200000,1,0.30414253500021005
heap_sort,200000,2,0.30467563400088693
heap_sort,200000,3,0.30514282300100604
heap_sort,200000,4,0.30514193100134435
