algorithm,size,trials,mean_seconds,stdev_seconds
heap_sort,10,5,4.63700016553048e-06,3.1429129501662135e-06
heap_sort,50,5,1.7906600260175764e-05,3.184880831357829e-07
heap_sort,100,5,4.0672799514140934e-05,2.2881007328648782e-07
heap_sort,500,5,0.0003110254001512658,5.203692202501505e-06
heap_sort,1000,5,0.0007280744004674489,1.8477387628001826e-05
heap_sort,2000,5,0.0016507697997440117,1.891178805672568e-05
heap_sort,5000,5,0.004762063399903127,3.1175141030347094e-05
heap_sort,10000,5,0.010473932000240892,3.715366926093944e-05
heap_sort,20000,5,0.02296468780041323,0.0001020110497113234
heap_sort,50000,5,0.06409069139954227,0.0002808045900646495
heap_sort,100000,5,0.13949419760065213,0.0011225618323829373
heap_sort,200000,5,0.3046295394007757,0.0005261306345311652
insertion_sort,10,5,2.524000228731893e-06,9.856757248412079e-07
insertion_sort,50,5,1.935660002345685e-05,1.8314435703527084e-06
insertion_sort,100,5,6.704000006720889e-05,4.135868221486096e-06
insertion_sort,500,5,0.0017703080000501358,3.769519732411084e-05
insertion_sort,1000,5,0.007545140200090827,0.0002980597954570272
insertion_sort,2000,5,0.03229639260025578,0.0005909153248266542
insertion_sort,5000,5,0.209058085200013,0.005099860964367556
insertion_sort,10000,5,0.8490735941999447,0.007710871352867772
merge_sort,10,5,6.1816001107217746e-06,4.3082020190470784e-06
merge_sort,50,5,2.6103799609700217e-05,1.6958223646875e-06
merge_sort,100,5,5.1827800416504036e-05,1.093598485658657e-06
merge_sort,500,5,0.00031608000026608354,2.673196360843169e-06
merge_sort,1000,5,0.0006579207994946046,6.867088907108854e-06
merge_sort,2000,5,0.001417487000435358,6.390208684980236e-06
merge_sort,5000,5,0.003937619000498671,5.441627978885862e-05
merge_sort,10000,5,0.008445749199745478,5.290002740644262e-05
merge_sort,20000,5,0.01811794900058885,0.00010014719389778628
merge_sort,50000,5,0.04965193819953129,0.00041986262340261757
merge_sort,100000,5,0.10531959180007107,0.0002642317675154544
merge_sort,200000,5,0.2251617244004592,0.0015206005723613603
quick_sort,10,5,6.241600203793496e-06,5.047307018961089e-06
quick_sort,50,5,2.1349600137909876e-05,3.4801083425187593e-06
quick_sort,100,5,4.1030000284081324e-05,2.861220128582172e-06
quick_sort,500,5,0.0002303083998413058,1.350105771634785e-05
quick_sort,1000,5,0.00048229759995592757,1.2168424842598433e-05
quick_sort,2000,5,0.0010357674003898865,1.847018834704294e-05
quick_sort,5000,5,0.002696607400139328,9.309823982091644e-05
quick_sort,10000,5,0.0058131952006078794,0.00012645910553663248
quick_sort,20000,5,0.012218772800042643,0.0001999414912848666
quick_sort,50000,5,0.03261532760006958,0.0006441036227385155
quick_sort,100000,5,0.06918044820049545,0.001860361128411024
quick_sort,200000,5,0.14995308480029051,0.003739425069905739
